Title	URL	Assignees	Status	Start Date	Target Date
ğŸš€ Develop authentication system	https://github.com/example/repo1/issues/30	Dave		Dec 09, 2024	Dec 14, 2024
ğŸ› ï¸ Fix critical bug in API	https://github.com/example/repo1/issues/2	Eve	Todo	Dec 15, 2024	Dec 20, 2024
ğŸ“Š Design landing page layout	https://github.com/example/repo1/issues/19	Ivy	Todo	Dec 21, 2024	Dec 25, 2024
ğŸ” Implement caching strategy	https://github.com/example/repo1/issues/9	Charlie	Todo	Dec 26, 2024	Dec 29, 2024
ğŸ’¾ Refactor database schema	https://github.com/example/repo1/issues/10	Alice	Todo	Dec 30, 2024	Jan 01, 2025
ğŸ“‚ Improve search ranking algorithm	https://github.com/example/repo1/issues/13	Ivy		Jan 02, 2025	Jan 06, 2025
ğŸ“œ Optimize frontend performance	https://github.com/example/repo1/issues/23	Alice		Jan 07, 2025	Jan 08, 2025
ğŸ¨ Set up CI/CD pipeline	https://github.com/example/repo1/issues/24	Hank		Jan 09, 2025	Jan 12, 2025
ğŸ”§ Enhance security measures	https://github.com/example/repo2/issues/1	Bob	Todo	Jan 13, 2025	Jan 14, 2025
âœ… Create onboarding tutorial	https://github.com/example/repo2/issues/5	Eve	Todo	Jan 15, 2025	Jan 18, 2025
âš¡ Write API documentation	https://github.com/example/repo2/issues/6	Eve	Todo	Jan 19, 2025	Jan 24, 2025
ğŸ–¥ï¸ Conduct user testing phase	https://github.com/example/repo2/issues/15	Charlie		Jan 25, 2025	Jan 30, 2025
ğŸ“Œ Deploy beta version	https://github.com/example/repo2/issues/18	Hank	Todo	Jan 31, 2025	Feb 03, 2025
ğŸ”‘ Integrate third-party analytics	https://github.com/example/repo2/issues/20	Ivy	Todo	Feb 04, 2025	Feb 08, 2025
ğŸ”— Improve mobile responsiveness	https://github.com/example/repo2/issues/7	Bob	Todo	Feb 09, 2025	Feb 12, 2025
ğŸ“ Develop dark mode feature	https://github.com/example/repo2/issues/27	Charlie	Todo	Feb 13, 2025	Feb 15, 2025
ğŸ“¡ Migrate to a new hosting service	https://github.com/example/repo2/issues/28	Jack	Todo	Feb 16, 2025	Feb 20, 2025
ğŸ”¬ Automate data backup	https://github.com/example/repo3/issues/31	Grace		Feb 21, 2025	Feb 25, 2025
ğŸ›ï¸ Refactor monolithic architecture	https://github.com/example/repo3/issues/3	Grace	Todo	Feb 26, 2025	Feb 27, 2025
ğŸ“¦ Enhance error logging mechanism	https://github.com/example/repo3/issues/4	Grace	Todo	Feb 28, 2025	Mar 01, 2025
